{
    "name_dict": {
        "1": "C",
        "2": "C#(D♭)",
        "3": "D",
        "4": "D#(E♭)",
        "5": "E",
        "6": "F",
        "7": "F#(G♭)",
        "8": "G",
        "9": "G#(A♭)",
        "10": "A",
        "11": "A#(B♭)",
        "12": "B"
    },
    "just_ratios": [
        1,
        1.0666666666666667,
        1.125,
        1.2,
        1.25,
        1.3333333333333333,
        1.40625,
        1.5,
        1.6,
        1.6666666666666667,
        1.7777777777777777,
        1.875
    ],
    "pitchname_list": [
        "C1",
        "C♯(D♭)1",
        "D1",
        "D♯(E♭)1",
        "E1",
        "F1",
        "F♯(G♭)1",
        "G1",
        "G♯(A♭)1",
        "A1",
        "A♯(B♭)1",
        "B1",
        "C2",
        "C♯(D♭)2",
        "D2",
        "D♯(E♭)2",
        "E2",
        "F2",
        "F♯(G♭)2",
        "G2",
        "G♯(A♭)2",
        "A2",
        "A♯(B♭)2",
        "B2",
        "C3",
        "C♯(D♭)3",
        "D3",
        "D♯(E♭)3",
        "E3",
        "F3",
        "F♯(G♭)3",
        "G3",
        "G♯(A♭)3",
        "A3",
        "A♯(B♭)3",
        "B3",
        "C4",
        "C♯(D♭)4",
        "D4",
        "D♯(E♭)4",
        "E4",
        "F4",
        "F♯(G♭)4",
        "G4",
        "G♯(A♭)4",
        "A4",
        "A♯(B♭)4",
        "B4",
        "C5",
        "C♯(D♭)5",
        "D5",
        "D♯(E♭)5",
        "E5",
        "F5",
        "F♯(G♭)5",
        "G5",
        "G♯(A♭)5",
        "A5",
        "A♯(B♭)5",
        "B5",
        "C6",
        "C♯(D♭)6",
        "D6",
        "D♯(E♭)6",
        "E6",
        "F6",
        "F♯(G♭)6",
        "G6",
        "G♯(A♭)6",
        "A6",
        "A♯(B♭)6",
        "B6"
    ],
    "freq_dict": {
        "C1": 32.70319566257483,
        "C♯(D♭)1": 34.64782887210901,
        "D1": 36.70809598967595,
        "D♯(E♭)1": 38.890872965260115,
        "E1": 41.20344461410874,
        "F1": 43.653528929125486,
        "F♯(G♭)1": 46.2493028389543,
        "G1": 48.99942949771866,
        "G♯(A♭)1": 51.91308719749314,
        "A1": 55.0,
        "A♯(B♭)1": 58.27047018976124,
        "B1": 61.735412657015516,
        "C2": 65.40639132514966,
        "C♯(D♭)2": 69.29565774421802,
        "D2": 73.4161919793519,
        "D♯(E♭)2": 77.78174593052023,
        "E2": 82.40688922821748,
        "F2": 87.30705785825097,
        "F♯(G♭)2": 92.4986056779086,
        "G2": 97.99885899543732,
        "G♯(A♭)2": 103.82617439498628,
        "A2": 110.0,
        "A♯(B♭)2": 116.54094037952248,
        "B2": 123.47082531403103,
        "C3": 130.8127826502993,
        "C♯(D♭)3": 138.59131548843604,
        "D3": 146.8323839587038,
        "D♯(E♭)3": 155.56349186104046,
        "E3": 164.81377845643496,
        "F3": 174.61411571650194,
        "F♯(G♭)3": 184.9972113558172,
        "G3": 195.99771799087463,
        "G♯(A♭)3": 207.65234878997256,
        "A3": 220.0,
        "A♯(B♭)3": 233.08188075904496,
        "B3": 246.94165062806206,
        "C4": 261.6255653005986,
        "C♯(D♭)4": 277.1826309768721,
        "D4": 293.6647679174076,
        "D♯(E♭)4": 311.1269837220809,
        "E4": 329.6275569128699,
        "F4": 349.2282314330039,
        "F♯(G♭)4": 369.9944227116344,
        "G4": 391.99543598174927,
        "G♯(A♭)4": 415.3046975799451,
        "A4": 440.0,
        "A♯(B♭)4": 466.1637615180899,
        "B4": 493.8833012561241,
        "C5": 523.2511306011972,
        "C♯(D♭)5": 554.3652619537442,
        "D5": 587.3295358348151,
        "D♯(E♭)5": 622.2539674441618,
        "E5": 659.2551138257398,
        "F5": 698.4564628660078,
        "F♯(G♭)5": 739.9888454232688,
        "G5": 783.9908719634985,
        "G♯(A♭)5": 830.6093951598903,
        "A5": 880.0,
        "A♯(B♭)5": 932.3275230361799,
        "B5": 987.7666025122483,
        "C6": 1046.5022612023945,
        "C♯(D♭)6": 1108.7305239074883,
        "D6": 1174.6590716696303,
        "D♯(E♭)6": 1244.5079348883237,
        "E6": 1318.5102276514797,
        "F6": 1396.9129257320155,
        "F♯(G♭)6": 1479.9776908465376,
        "G6": 1567.981743926997,
        "G♯(A♭)6": 1661.2187903197805,
        "A6": 1760.0,
        "A♯(B♭)6": 1864.6550460723597,
        "B6": 1975.5332050244965
    }
}